{
	"registrations": [
		{
			"component": {
				"type": "git",
				"git": {
					"name": "jeff-hykin/cpp-textmate-grammar",
					"repositoryUrl": "https://github.com/jeff-hykin/cpp-textmate-grammar",
					"commitHash": "dd94b6a93799f2bce7e29b2515d96553e34574b0"
				}
			},
			"license": "MIT",
			"version": "1.14.6",
			"description": "The files syntaxes/c.json and syntaxes/c++.json were derived from https://github.com/atom/language-c which was originally converted from the C TextMate bundle https://github.com/textmate/c.tmbundle."
		},
		{
			"component": {
				"type": "git",
				"git": {
					"name": "textmate/c.tmbundle",
					"repositoryUrl": "https://github.com/textmate/c.tmbundle",
					"commitHash": "9aa365882274ca52f01722f3dbb169b9539a20ee"
				}
			},
			"licenseDetail": [
				"Copyright (c) textmate-c.tmbundle authors",
				"",
				"If not otherwise specified (see below), files in this repository fall under the following license:",
				"",
				"Permission to copy, use, modify, sell and distribute this",
				"software is granted. This software is provided \"as is\" without",
				"express or implied warranty, and with no claim as to its",
				"suitability for any purpose.",
				"",
				"An exception is made for files in readable text which contain their own license information,",
				"or files where an accompanying file exists (in the same directory) with a \"-license\" suffix added",
				"to the base-name name of the original file, and an extension of txt, html, or similar. For example",
				"\"tidy\" is accompanied by \"tidy-license.txt\"."
			],
			"license": "TextMate Bundle License",
			"version": "0.0.0"
		}
	],
	"version": 1
}
